category1,category2,product_name,unit_price
AUTOMOTIVE,ACCESSORIES,Accessories Special 289,235.37
AUTOMOTIVE,ACCESSORIES,Accessories Special 881,308.24
AUTOMOTIVE,BAGELS,Bagels Special 174,378.19
AUTOMOTIVE,BAGELS,Bagels Special 260,360.64
AUTOMOTIVE,BODYARMOR,Bodyarmor Special 658,494.35
AUTOMOTIVE,BODYARMOR,Bodyarmor Special 661,363.51
AUTOMOTIVE,BODYARMOR,Bodyarmor Special 868,70.92
AUTOMOTIVE,BOTTLED,Bottled Special 710,178.07
AUTOMOTIVE,BREAD,Bread Special 860,438.85
AUTOMOTIVE,CAMPING,Camping Special 870,283.56
AUTOMOTIVE,CEREAL,Cereal Special 268,466.63
AUTOMOTIVE,CEREAL,Cereal Special 588,281.35
AUTOMOTIVE,CHEESE,Cheese Special 344,11.6
AUTOMOTIVE,CHEESE,Cheese Special 842,406.28
AUTOMOTIVE,DR PEPPER,Dr Pepper Special 660,126.68
AUTOMOTIVE,EQUIPMENT,Equipment Special 809,388.07
AUTOMOTIVE,FITNESS,Fitness Special 176,290.9
AUTOMOTIVE,FRUIT,Fruit Special 973,346.32
AUTOMOTIVE,GEAR,Gear Special 422,247.18
AUTOMOTIVE,GEAR,Gear Special 455,331.7
AUTOMOTIVE,LITERATURE,Literature Special 383,81.66
AUTOMOTIVE,MILK,Milk Special 508,56.75
AUTOMOTIVE,NEWBORN,Newborn Special 586,345.11
AUTOMOTIVE,PAPER,Paper Special 821,236.66
AUTOMOTIVE,PAPER,Paper Special 991,34.5
AUTOMOTIVE,PEPSI,Pepsi Special 164,429.05
AUTOMOTIVE,PEPSI,Pepsi Special 351,300.38
AUTOMOTIVE,SHAMPOO,Shampoo Special 609,69.71
AUTOMOTIVE,SHAMPOO,Shampoo Special 687,312.66
AUTOMOTIVE,STATIONERY,Stationery Special 763,26.14
AUTOMOTIVE,STATIONERY,Stationery Special 878,146.26
AUTOMOTIVE,TREATS,Treats Special 855,255.39
AUTOMOTIVE,VEGGIES,Veggies Special 328,114.02
AUTOMOTIVE,YOGURT,Yogurt Special 334,77.47
BABY,ACCESSORIES,Accessories Special 954,337.06
BABY,APPAREL,Apparel Special 169,337.92
BABY,BAGELS,Bagels Special 253,344.51
BABY,BAGELS,Bagels Special 678,457.86
BABY,BOTTLED,Bottled Special 469,162.3
BABY,BOTTLED,Bottled Special 591,406.77
BABY,CAMPING,Camping Special 432,308.81
BABY,CAMPING,Camping Special 969,440.16
BABY,CEREAL,Cereal Special 490,400.82
BABY,CLEANING,Cleaning Special 133,303.86
BABY,CLEANING,Cleaning Special 449,389.72
BABY,CLEANING,Cleaning Special 644,236.51
BABY,DEVICES,Devices Special 340,262.11
BABY,DEVICES,Devices Special 804,495.0
BABY,DR PEPPER,Dr Pepper Special 573,251.65
BABY,DR PEPPER,Dr Pepper Special 718,98.4
BABY,EQUIPMENT,Equipment Special 260,395.74
BABY,FITNESS,Fitness Special 725,325.59
BABY,FRUIT,Fruit Special 907,192.04
BABY,GATORADE,Gatorade Special 569,345.09
BABY,GEAR,Gear Special 944,155.65
BABY,LITERATURE,Literature Special 297,192.72
BABY,MILK,Milk Special 977,365.26
BABY,PASTA,Pasta Special 131,257.56
BABY,PASTA,Pasta Special 628,491.64
BABY,SHAMPOO,Shampoo Special 407,479.23
BABY,SHAMPOO,Shampoo Special 752,53.93
BABY,SHAMPOO,Shampoo Special 988,188.08
BABY,SUPPLIES,Supplies Special 831,345.58
BABY,TOOLS,Tools Special 830,448.42
BABY,TREATS,Treats Special 297,367.65
BABY,TREATS,Treats Special 697,418.41
BABY,VEGGIES,Veggies Special 560,478.98
BAKERY,ACCESSORIES,Accessories Special 384,22.75
BAKERY,ACCESSORIES,Accessories Special 388,229.44
BAKERY,BAGELS,Bagels Special 400,456.65
BAKERY,BAGELS,Bagels Special 669,384.04
BAKERY,BAGELS,Thomas' Plain Bagels 6ct,4.29
BAKERY,BODYARMOR,Bodyarmor Special 148,473.87
BAKERY,BODYARMOR,Bodyarmor Special 540,322.18
BAKERY,BOTTLED,Bottled Special 262,385.17
BAKERY,BOTTLED,Bottled Special 542,292.54
BAKERY,BOTTLED,Bottled Special 915,426.37
BAKERY,BREAD,Wonder Classic White Bread 20oz,3.49
BAKERY,CAMPING,Camping Special 371,451.67
BAKERY,CAMPING,Camping Special 429,381.19
BAKERY,CAMPING,Camping Special 981,210.39
BAKERY,CANDY,Candy Special 396,378.15
BAKERY,CHEESE,Cheese Special 694,50.94
BAKERY,COFFEE,Coffee Special 231,460.59
BAKERY,COKE,Coke Special 127,48.36
BAKERY,COKE,Coke Special 321,282.57
BAKERY,DEVICES,Devices Special 362,290.01
BAKERY,DEVICES,Devices Special 532,240.11
BAKERY,DISH,Dish Special 249,13.92
BAKERY,DISH,Dish Special 708,392.02
BAKERY,DISH,Dish Special 933,481.88
BAKERY,EQUIPMENT,Equipment Special 322,240.02
BAKERY,FITNESS,Fitness Special 941,474.55
BAKERY,GATORADE,Gatorade Special 407,36.41
BAKERY,GATORADE,Gatorade Special 460,297.44
BAKERY,GEAR,Gear Special 649,417.6
BAKERY,ITEMS,Items Special 489,38.25
BAKERY,LITERATURE,Literature Special 535,107.08
BAKERY,NEWBORN,Newborn Special 836,394.57
BAKERY,ORAL CARE,Oral Care Special 356,239.69
BAKERY,ORAL CARE,Oral Care Special 983,28.26
BAKERY,PAPER,Paper Special 379,60.0
BAKERY,PAPER,Paper Special 403,170.35
BAKERY,PASTA,Pasta Special 191,390.54
BAKERY,PEPSI,Pepsi Special 848,492.53
BAKERY,PEPSICO,Pepsico Special 382,225.56
BAKERY,SAUCE,Sauce Special 751,295.68
BAKERY,SKINCARE,Skincare Special 451,251.1
BAKERY,STATIONERY,Stationery Special 517,99.57
BAKERY,STATIONERY,Stationery Special 835,411.03
BAKERY,SUPPLIES,Supplies Special 735,126.13
BAKERY,TOOLS,Tools Special 576,145.95
BAKERY,TOOLS,Tools Special 843,104.73
BAKERY,TREATS,Treats Special 143,60.15
BAKERY,TREATS,Treats Special 439,34.61
BAKERY,VEGGIES,Veggies Special 493,58.59
BAKERY,YOGURT,Yogurt Special 970,284.68
BEAUTY,APPAREL,Apparel Special 269,467.05
BEAUTY,BODYARMOR,Bodyarmor Special 787,135.2
BEAUTY,BREAD,Bread Special 540,306.79
BEAUTY,CAMPING,Camping Special 495,202.34
BEAUTY,CANDY,Candy Special 517,99.85
BEAUTY,CEREAL,Cereal Special 630,263.39
BEAUTY,CEREAL,Cereal Special 708,463.01
BEAUTY,CHEESE,Cheese Special 225,493.55
BEAUTY,CHEESE,Cheese Special 832,343.69
BEAUTY,CHIPS,Chips Special 741,406.99
BEAUTY,CLEANING,Cleaning Special 108,373.5
BEAUTY,CLEANING,Cleaning Special 184,328.24
BEAUTY,COFFEE,Coffee Special 254,355.34
BEAUTY,COFFEE,Coffee Special 913,427.59
BEAUTY,COFFEE,Coffee Special 934,350.8
BEAUTY,COKE,Coke Special 855,100.89
BEAUTY,DISH,Dish Special 798,149.71
BEAUTY,DR PEPPER,Dr Pepper Special 193,101.32
BEAUTY,DR PEPPER,Dr Pepper Special 395,291.24
BEAUTY,EQUIPMENT,Equipment Special 396,490.47
BEAUTY,EQUIPMENT,Equipment Special 448,414.13
BEAUTY,FITNESS,Fitness Special 442,45.94
BEAUTY,FRUIT,Fruit Special 847,94.32
BEAUTY,GARDEN,Garden Special 389,250.38
BEAUTY,GATORADE,Gatorade Special 521,17.54
BEAUTY,GATORADE,Gatorade Special 611,267.77
BEAUTY,GEAR,Gear Special 100,253.09
BEAUTY,LITERATURE,Literature Special 492,321.74
BEAUTY,MILK,Milk Special 739,254.92
BEAUTY,MILK,Milk Special 858,439.62
BEAUTY,NEWBORN,Newborn Special 770,59.7
BEAUTY,ORAL CARE,Oral Care Special 107,162.88
BEAUTY,ORAL CARE,Oral Care Special 406,322.42
BEAUTY,ORAL CARE,Oral Care Special 663,55.92
BEAUTY,PAPER,Paper Special 484,123.58
BEAUTY,PAPER,Paper Special 677,10.98
BEAUTY,PASTA,Pasta Special 135,395.7
BEAUTY,PASTA,Pasta Special 274,332.74
BEAUTY,PEPSI,Pepsi Special 434,309.92
BEAUTY,PEPSI,Pepsi Special 814,457.17
BEAUTY,SKINCARE,Skincare Special 418,473.88
BEAUTY,SUPPLIES,Supplies Special 475,145.0
BEAUTY,TOOLS,Tools Special 237,137.82
BEAUTY,TOOLS,Tools Special 334,199.49
BEAUTY,TOOLS,Tools Special 842,168.11
BEAUTY,TOOLS,Tools Special 950,1.43
BEAUTY,TREATS,Treats Special 308,344.29
BEAUTY,VEGGIES,Veggies Special 707,32.26
BEAUTY,VEGGIES,Veggies Special 940,137.66
BEAUTY,YOGURT,Yogurt Special 185,64.83
BEAUTY,YOGURT,Yogurt Special 270,438.98
BEAUTY,YOGURT,Yogurt Special 383,490.51
BOOKS,BAGELS,Bagels Special 247,360.8
BOOKS,BAGELS,Bagels Special 657,364.63
BOOKS,BODYARMOR,Bodyarmor Special 642,344.13
BOOKS,BODYARMOR,Bodyarmor Special 918,11.16
BOOKS,BOTTLED,Bottled Special 432,123.62
BOOKS,BOTTLED,Bottled Special 623,497.2
BOOKS,BREAD,Bread Special 647,17.45
BOOKS,BREAD,Bread Special 819,155.42
BOOKS,CAMPING,Camping Special 140,28.26
BOOKS,CEREAL,Cereal Special 121,273.08
BOOKS,CEREAL,Cereal Special 682,251.89
BOOKS,CHEESE,Cheese Special 882,169.13
BOOKS,CHIPS,Chips Special 363,328.8
BOOKS,COFFEE,Coffee Special 392,285.32
BOOKS,COFFEE,Coffee Special 664,78.21
BOOKS,COKE,Coke Special 448,286.62
BOOKS,DEVICES,Devices Special 344,331.51
BOOKS,DR PEPPER,Dr Pepper Special 319,313.7
BOOKS,DR PEPPER,Dr Pepper Special 566,363.43
BOOKS,DR PEPPER,Dr Pepper Special 886,158.29
BOOKS,FITNESS,Fitness Special 816,430.81
BOOKS,FRUIT,Fruit Special 876,455.23
BOOKS,GATORADE,Gatorade Special 141,273.6
BOOKS,GATORADE,Gatorade Special 249,31.55
BOOKS,GATORADE,Gatorade Special 483,498.53
BOOKS,GATORADE,Gatorade Special 495,170.1
BOOKS,GEAR,Gear Special 747,236.87
BOOKS,ITEMS,Items Special 112,74.32
BOOKS,ITEMS,Items Special 905,468.72
BOOKS,NEWBORN,Newborn Special 782,330.02
BOOKS,PASTA,Pasta Special 904,360.56
BOOKS,PASTA,Pasta Special 948,400.84
BOOKS,PEPSI,Pepsi Special 895,317.94
BOOKS,PEPSICO,Pepsico Special 593,69.19
BOOKS,SHAMPOO,Shampoo Special 516,228.15
BOOKS,SUPPLIES,Supplies Special 536,86.79
BOOKS,TOOLS,Tools Special 608,144.4
BOOKS,TREATS,Treats Special 226,259.27
BOOKS,TREATS,Treats Special 497,3.42
BOOKS,VEGGIES,Veggies Special 122,181.52
BOOKS,VEGGIES,Veggies Special 249,28.89
BOOKS,VEGGIES,Veggies Special 311,132.13
BOOKS,VEGGIES,Veggies Special 674,23.91
CLOTHING,ACCESSORIES,Accessories Special 260,36.94
CLOTHING,APPAREL,Apparel Special 249,279.03
CLOTHING,APPAREL,Apparel Special 864,482.74
CLOTHING,BODYARMOR,Bodyarmor Special 936,196.75
CLOTHING,BOTTLED,Bottled Special 695,288.99
CLOTHING,BREAD,Bread Special 192,140.93
CLOTHING,BREAD,Bread Special 250,464.02
CLOTHING,BREAD,Bread Special 863,319.34
CLOTHING,CHIPS,Chips Special 411,152.5
CLOTHING,CHIPS,Chips Special 468,354.71
CLOTHING,COFFEE,Coffee Special 306,206.25
CLOTHING,COFFEE,Coffee Special 374,462.68
CLOTHING,COFFEE,Coffee Special 585,109.01
CLOTHING,COKE,Coke Special 599,311.61
CLOTHING,DISH,Dish Special 255,287.13
CLOTHING,DISH,Dish Special 625,72.81
CLOTHING,DR PEPPER,Dr Pepper Special 345,155.89
CLOTHING,EQUIPMENT,Equipment Special 753,480.07
CLOTHING,EQUIPMENT,Equipment Special 798,337.6
CLOTHING,ITEMS,Items Special 997,450.12
CLOTHING,LITERATURE,Literature Special 623,418.03
CLOTHING,LITERATURE,Literature Special 971,385.33
CLOTHING,MILK,Milk Special 576,13.21
CLOTHING,MILK,Milk Special 830,241.34
CLOTHING,ORAL CARE,Oral Care Special 632,161.48
CLOTHING,PASTA,Pasta Special 488,151.24
CLOTHING,PASTA,Pasta Special 876,241.1
CLOTHING,PEPSI,Pepsi Special 448,53.06
CLOTHING,PEPSICO,Pepsico Special 102,150.9
CLOTHING,SHAMPOO,Shampoo Special 664,419.47
CLOTHING,SHAMPOO,Shampoo Special 677,246.15
CLOTHING,SKINCARE,Skincare Special 472,349.71
CLOTHING,SUPPLIES,Supplies Special 331,196.62
CLOTHING,YOGURT,Yogurt Special 119,272.46
CLOTHING,YOGURT,Yogurt Special 187,488.56
CLOTHING,YOGURT,Yogurt Special 211,7.12
COFFEE & TEA,ACCESSORIES,Accessories Special 160,379.92
COFFEE & TEA,BAGELS,Bagels Special 472,434.01
COFFEE & TEA,BAGELS,Bagels Special 834,212.37
COFFEE & TEA,BOTTLED,Bottled Special 116,87.52
COFFEE & TEA,BOTTLED,Bottled Special 264,282.38
COFFEE & TEA,BOTTLED,Bottled Special 441,342.34
COFFEE & TEA,CAMPING,Camping Special 822,394.27
COFFEE & TEA,CAMPING,Camping Special 897,241.63
COFFEE & TEA,CANDY,Candy Special 725,453.24
COFFEE & TEA,CANDY,Candy Special 982,412.5
COFFEE & TEA,CEREAL,Cereal Special 638,273.02
COFFEE & TEA,CHEESE,Cheese Special 284,106.45
COFFEE & TEA,CHIPS,Chips Special 978,445.21
COFFEE & TEA,CLEANING,Cleaning Special 284,381.92
COFFEE & TEA,COFFEE,Coffee Special 452,275.41
COFFEE & TEA,COFFEE,Peet's Major Dickason's Blend 12oz,10.49
COFFEE & TEA,COFFEE,Starbucks Pike Place Roast 12oz,9.99
COFFEE & TEA,COKE,Coke Special 156,444.47
COFFEE & TEA,DISH,Dish Special 546,460.84
COFFEE & TEA,DISH,Dish Special 571,117.25
COFFEE & TEA,FRUIT,Fruit Special 261,325.65
COFFEE & TEA,GARDEN,Garden Special 584,331.06
COFFEE & TEA,GATORADE,Gatorade Special 412,173.4
COFFEE & TEA,GATORADE,Gatorade Special 958,338.37
COFFEE & TEA,GEAR,Gear Special 261,1.19
COFFEE & TEA,GEAR,Gear Special 993,420.58
COFFEE & TEA,LITERATURE,Literature Special 188,335.68
COFFEE & TEA,MILK,Milk Special 347,45.91
COFFEE & TEA,MILK,Milk Special 368,292.05
COFFEE & TEA,NEWBORN,Newborn Special 644,66.76
COFFEE & TEA,NEWBORN,Newborn Special 753,334.66
COFFEE & TEA,ORAL CARE,Oral Care Special 328,258.2
COFFEE & TEA,ORAL CARE,Oral Care Special 463,380.88
COFFEE & TEA,ORAL CARE,Oral Care Special 735,362.06
COFFEE & TEA,PAPER,Paper Special 427,356.6
COFFEE & TEA,PASTA,Pasta Special 420,213.79
COFFEE & TEA,PEPSI,Pepsi Special 900,416.56
COFFEE & TEA,PEPSICO,Pepsico Special 528,127.79
COFFEE & TEA,SKINCARE,Skincare Special 514,38.33
COFFEE & TEA,SUPPLIES,Supplies Special 487,353.77
COFFEE & TEA,TREATS,Treats Special 707,131.06
COFFEE & TEA,VEGGIES,Veggies Special 344,228.47
COFFEE & TEA,VEGGIES,Veggies Special 603,166.12
DAIRY,ACCESSORIES,Accessories Special 523,467.69
DAIRY,APPAREL,Apparel Special 246,323.18
DAIRY,BODYARMOR,Bodyarmor Special 954,242.16
DAIRY,CHEESE,Sargento Sliced Cheddar 8oz,3.99
DAIRY,CHIPS,Chips Special 428,131.12
DAIRY,CLEANING,Cleaning Special 486,303.44
DAIRY,COKE,Coke Special 105,210.72
DAIRY,DEVICES,Devices Special 629,192.86
DAIRY,DEVICES,Devices Special 860,274.78
DAIRY,DR PEPPER,Dr Pepper Special 120,255.87
DAIRY,DR PEPPER,Dr Pepper Special 818,444.53
DAIRY,FITNESS,Fitness Special 470,156.37
DAIRY,FITNESS,Fitness Special 479,119.81
DAIRY,FRUIT,Fruit Special 852,459.6
DAIRY,FRUIT,Fruit Special 904,73.92
DAIRY,GARDEN,Garden Special 510,239.17
DAIRY,GARDEN,Garden Special 950,182.18
DAIRY,GATORADE,Gatorade Special 496,457.86
DAIRY,GATORADE,Gatorade Special 879,358.36
DAIRY,GEAR,Gear Special 852,442.02
DAIRY,GEAR,Gear Special 965,131.02
DAIRY,ITEMS,Items Special 799,369.3
DAIRY,ITEMS,Items Special 897,429.09
DAIRY,LITERATURE,Literature Special 579,62.99
DAIRY,MILK,Horizon Organic Whole Milk Half Gallon,5.49
DAIRY,MILK,Milk Special 760,397.66
DAIRY,NEWBORN,Newborn Special 514,64.75
DAIRY,ORAL CARE,Oral Care Special 326,36.73
DAIRY,SHAMPOO,Shampoo Special 109,195.95
DAIRY,YOGURT,Chobani Greek Yogurt 5.3oz,1.39
DAIRY,YOGURT,Yogurt Special 421,465.56
DAIRY,YOGURT,Yogurt Special 691,214.25
DAIRY,YOGURT,Yogurt Special 710,172.02
ELECTRONICS,ACCESSORIES,Accessories Special 893,90.52
ELECTRONICS,APPAREL,Apparel Special 156,322.56
ELECTRONICS,BODYARMOR,Bodyarmor Special 424,218.82
ELECTRONICS,BOTTLED,Bottled Special 647,190.16
ELECTRONICS,BREAD,Bread Special 201,80.96
ELECTRONICS,CAMPING,Camping Special 341,244.83
ELECTRONICS,CANDY,Candy Special 711,223.57
ELECTRONICS,CHEESE,Cheese Special 328,363.94
ELECTRONICS,CHIPS,Chips Special 136,415.53
ELECTRONICS,CHIPS,Chips Special 188,317.24
ELECTRONICS,CHIPS,Chips Special 743,32.92
ELECTRONICS,CHIPS,Chips Special 746,243.39
ELECTRONICS,DEVICES,Devices Special 816,424.97
ELECTRONICS,DISH,Dish Special 736,178.13
ELECTRONICS,DR PEPPER,Dr Pepper Special 977,98.45
ELECTRONICS,EQUIPMENT,Equipment Special 945,233.41
ELECTRONICS,FRUIT,Fruit Special 553,362.79
ELECTRONICS,GEAR,Gear Special 632,258.42
ELECTRONICS,GEAR,Gear Special 817,309.91
ELECTRONICS,ITEMS,Items Special 709,11.93
ELECTRONICS,MILK,Milk Special 342,499.83
ELECTRONICS,MILK,Milk Special 371,298.91
ELECTRONICS,NEWBORN,Newborn Special 166,286.85
ELECTRONICS,ORAL CARE,Oral Care Special 204,12.82
ELECTRONICS,PAPER,Paper Special 161,69.69
ELECTRONICS,PAPER,Paper Special 391,270.11
ELECTRONICS,PASTA,Pasta Special 243,53.17
ELECTRONICS,PEPSI,Pepsi Special 321,204.57
ELECTRONICS,PEPSICO,Pepsico Special 110,113.58
ELECTRONICS,PEPSICO,Pepsico Special 660,416.51
ELECTRONICS,SHAMPOO,Shampoo Special 224,165.74
ELECTRONICS,SHAMPOO,Shampoo Special 414,270.57
ELECTRONICS,SHAMPOO,Shampoo Special 440,17.83
ELECTRONICS,SKINCARE,Skincare Special 599,366.5
ELECTRONICS,STATIONERY,Stationery Special 826,324.04
ELECTRONICS,VEGGIES,Veggies Special 260,346.75
ELECTRONICS,YOGURT,Yogurt Special 373,77.04
FURNITURE,ACCESSORIES,Accessories Special 238,16.09
FURNITURE,BAGELS,Bagels Special 978,120.23
FURNITURE,BREAD,Bread Special 478,399.45
FURNITURE,BREAD,Bread Special 763,455.12
FURNITURE,CAMPING,Camping Special 612,8.07
FURNITURE,CANDY,Candy Special 718,172.05
FURNITURE,CEREAL,Cereal Special 302,86.11
FURNITURE,CHEESE,Cheese Special 636,310.02
FURNITURE,CHIPS,Chips Special 950,120.81
FURNITURE,CLEANING,Cleaning Special 389,277.76
FURNITURE,CLEANING,Cleaning Special 767,67.55
FURNITURE,COFFEE,Coffee Special 650,318.71
FURNITURE,COKE,Coke Special 737,389.41
FURNITURE,DISH,Dish Special 128,445.12
FURNITURE,DISH,Dish Special 786,68.5
FURNITURE,DISH,Dish Special 805,436.87
FURNITURE,FITNESS,Fitness Special 522,35.23
FURNITURE,FITNESS,Fitness Special 624,189.25
FURNITURE,GATORADE,Gatorade Special 428,115.06
FURNITURE,ITEMS,Items Special 582,475.9
FURNITURE,LITERATURE,Literature Special 147,90.63
FURNITURE,LITERATURE,Literature Special 225,150.45
FURNITURE,NEWBORN,Newborn Special 328,165.21
FURNITURE,NEWBORN,Newborn Special 790,404.94
FURNITURE,NEWBORN,Newborn Special 810,353.61
FURNITURE,ORAL CARE,Oral Care Special 514,140.55
FURNITURE,ORAL CARE,Oral Care Special 914,92.09
FURNITURE,PEPSICO,Pepsico Special 584,223.41
FURNITURE,PEPSICO,Pepsico Special 830,71.8
FURNITURE,SAUCE,Sauce Special 674,498.44
FURNITURE,SHAMPOO,Shampoo Special 641,223.95
FURNITURE,STATIONERY,Stationery Special 478,318.57
FURNITURE,SUPPLIES,Supplies Special 354,63.47
FURNITURE,TOOLS,Tools Special 156,96.62
FURNITURE,TOOLS,Tools Special 456,78.79
FURNITURE,TREATS,Treats Special 416,372.93
FURNITURE,TREATS,Treats Special 742,428.04
FURNITURE,TREATS,Treats Special 841,359.93
FURNITURE,VEGGIES,Veggies Special 603,242.23
FURNITURE,YOGURT,Yogurt Special 165,466.26
FURNITURE,YOGURT,Yogurt Special 343,442.53
GROCERY,BAGELS,Bagels Special 520,422.67
GROCERY,BAGELS,Bagels Special 787,156.44
GROCERY,BODYARMOR,Bodyarmor Special 375,149.01
GROCERY,BOTTLED,Bottled Special 750,104.78
GROCERY,BREAD,Bread Special 110,299.24
GROCERY,BREAD,Bread Special 277,123.65
GROCERY,BREAD,Bread Special 816,106.06
GROCERY,CAMPING,Camping Special 608,95.96
GROCERY,CAMPING,Camping Special 612,360.91
GROCERY,CANDY,Candy Special 805,64.83
GROCERY,CEREAL,Cereal Special 129,485.82
GROCERY,CEREAL,Cereal Special 760,344.7
GROCERY,CEREAL,Cereal Special 924,377.34
GROCERY,CEREAL,Cheerios 18oz,5.49
GROCERY,CEREAL,Kellogg's Frosted Flakes 19oz,5.79
GROCERY,CLEANING,Cleaning Special 479,76.0
GROCERY,DEVICES,Devices Special 641,262.51
GROCERY,DISH,Dish Special 324,355.94
GROCERY,DR PEPPER,Dr Pepper Special 416,347.3
GROCERY,EQUIPMENT,Equipment Special 702,178.19
GROCERY,EQUIPMENT,Equipment Special 802,494.94
GROCERY,FITNESS,Fitness Special 100,4.07
GROCERY,FITNESS,Fitness Special 172,408.77
GROCERY,FRUIT,Fruit Special 824,330.35
GROCERY,GATORADE,Gatorade Special 962,171.35
GROCERY,GEAR,Gear Special 547,227.25
GROCERY,ITEMS,Items Special 274,43.27
GROCERY,LITERATURE,Literature Special 350,349.18
GROCERY,LITERATURE,Literature Special 646,411.21
GROCERY,MILK,Milk Special 544,219.95
GROCERY,ORAL CARE,Oral Care Special 662,350.98
GROCERY,PAPER,Paper Special 384,125.25
GROCERY,PAPER,Paper Special 551,390.57
GROCERY,PAPER,Paper Special 592,333.61
GROCERY,PAPER,Paper Special 806,231.87
GROCERY,PASTA,Barilla Spaghetti 1lb,1.79
GROCERY,PASTA,Pasta Special 281,353.68
GROCERY,PEPSI,Pepsi Special 365,379.96
GROCERY,PEPSI,Pepsi Special 483,340.16
GROCERY,SAUCE,Rao's Marinara 24oz,7.99
GROCERY,SHAMPOO,Shampoo Special 825,306.27
GROCERY,SKINCARE,Skincare Special 563,111.39
GROCERY,SUPPLIES,Supplies Special 819,264.13
GROCERY,TOOLS,Tools Special 639,235.34
GROCERY,TREATS,Treats Special 146,140.21
GROCERY,VEGGIES,Veggies Special 657,383.65
GROCERY,VEGGIES,Veggies Special 796,230.13
GROCERY,YOGURT,Yogurt Special 535,4.01
GROCERY,YOGURT,Yogurt Special 589,398.45
GROCERY,YOGURT,Yogurt Special 969,368.92
HEALTH,APPAREL,Apparel Special 930,113.83
HEALTH,APPAREL,Apparel Special 944,378.26
HEALTH,BAGELS,Bagels Special 353,162.84
HEALTH,BODYARMOR,Bodyarmor Special 350,255.88
HEALTH,BREAD,Bread Special 535,422.64
HEALTH,BREAD,Bread Special 710,408.85
HEALTH,BREAD,Bread Special 756,459.3
HEALTH,BREAD,Bread Special 889,82.35
HEALTH,CEREAL,Cereal Special 535,439.75
HEALTH,CHIPS,Chips Special 289,268.23
HEALTH,CHIPS,Chips Special 822,125.03
HEALTH,CLEANING,Cleaning Special 964,445.27
HEALTH,COFFEE,Coffee Special 342,270.54
HEALTH,COFFEE,Coffee Special 419,148.93
HEALTH,COKE,Coke Special 712,326.74
HEALTH,COKE,Coke Special 909,355.05
HEALTH,DEVICES,Devices Special 500,193.37
HEALTH,DEVICES,Devices Special 888,201.89
HEALTH,DISH,Dish Special 770,174.24
HEALTH,EQUIPMENT,Equipment Special 342,236.98
HEALTH,EQUIPMENT,Equipment Special 768,227.25
HEALTH,GATORADE,Gatorade Special 778,189.16
HEALTH,GATORADE,Gatorade Special 912,379.28
HEALTH,GEAR,Gear Special 920,415.25
HEALTH,ITEMS,Items Special 468,307.09
HEALTH,LITERATURE,Literature Special 769,165.09
HEALTH,MILK,Milk Special 261,312.2
HEALTH,NEWBORN,Newborn Special 642,80.89
HEALTH,NEWBORN,Newborn Special 873,40.25
HEALTH,PAPER,Paper Special 589,330.37
HEALTH,PASTA,Pasta Special 745,53.62
HEALTH,PASTA,Pasta Special 903,120.16
HEALTH,PEPSICO,Pepsico Special 434,62.83
HEALTH,PEPSICO,Pepsico Special 463,123.66
HEALTH,STATIONERY,Stationery Special 152,284.43
HEALTH,SUPPLIES,Supplies Special 111,46.93
HEALTH,SUPPLIES,Supplies Special 810,114.89
HEALTH,TOOLS,Tools Special 318,470.3
HEALTH,TOOLS,Tools Special 456,225.94
HEALTH,TOOLS,Tools Special 894,442.24
HEALTH,YOGURT,Yogurt Special 138,146.94
HEALTH,YOGURT,Yogurt Special 299,166.98
HOUSEHOLD,ACCESSORIES,Accessories Special 431,471.3
HOUSEHOLD,APPAREL,Apparel Special 223,448.83
HOUSEHOLD,BAGELS,Bagels Special 702,461.79
HOUSEHOLD,BAGELS,Bagels Special 835,218.47
HOUSEHOLD,BODYARMOR,Bodyarmor Special 394,180.52
HOUSEHOLD,CAMPING,Camping Special 491,494.54
HOUSEHOLD,CANDY,Candy Special 526,349.6
HOUSEHOLD,CANDY,Candy Special 823,450.91
HOUSEHOLD,CEREAL,Cereal Special 290,376.74
HOUSEHOLD,CHEESE,Cheese Special 618,160.25
HOUSEHOLD,CHIPS,Chips Special 744,422.38
HOUSEHOLD,CLEANING,Cleaning Special 555,251.2
HOUSEHOLD,CLEANING,Tide PODS 42ct,13.99
HOUSEHOLD,COKE,Coke Special 865,103.71
HOUSEHOLD,DEVICES,Devices Special 205,475.56
HOUSEHOLD,DEVICES,Devices Special 420,365.95
HOUSEHOLD,DISH,Dawn Dish Soap 19.4oz,3.29
HOUSEHOLD,DR PEPPER,Dr Pepper Special 145,140.96
HOUSEHOLD,DR PEPPER,Dr Pepper Special 343,416.58
HOUSEHOLD,DR PEPPER,Dr Pepper Special 566,230.55
HOUSEHOLD,EQUIPMENT,Equipment Special 207,178.6
HOUSEHOLD,FITNESS,Fitness Special 576,457.63
HOUSEHOLD,FITNESS,Fitness Special 883,344.03
HOUSEHOLD,FRUIT,Fruit Special 979,68.89
HOUSEHOLD,GEAR,Gear Special 370,255.14
HOUSEHOLD,ITEMS,Items Special 854,32.14
HOUSEHOLD,MILK,Milk Special 558,281.76
HOUSEHOLD,NEWBORN,Newborn Special 169,151.53
HOUSEHOLD,ORAL CARE,Oral Care Special 558,34.48
HOUSEHOLD,ORAL CARE,Oral Care Special 851,328.68
HOUSEHOLD,ORAL CARE,Oral Care Special 883,308.5
HOUSEHOLD,ORAL CARE,Oral Care Special 959,372.32
HOUSEHOLD,PAPER,Bounty Paper Towels 6 Double Rolls,9.99
HOUSEHOLD,PEPSI,Pepsi Special 671,332.21
HOUSEHOLD,PEPSICO,Pepsico Special 324,300.95
HOUSEHOLD,SAUCE,Sauce Special 715,337.91
HOUSEHOLD,SHAMPOO,Shampoo Special 404,422.67
HOUSEHOLD,SHAMPOO,Shampoo Special 449,409.71
HOUSEHOLD,SHAMPOO,Shampoo Special 456,311.72
HOUSEHOLD,SHAMPOO,Shampoo Special 647,468.22
HOUSEHOLD,SHAMPOO,Shampoo Special 726,429.36
HOUSEHOLD,SHAMPOO,Shampoo Special 833,211.19
HOUSEHOLD,SKINCARE,Skincare Special 441,323.04
HOUSEHOLD,STATIONERY,Stationery Special 355,262.75
HOUSEHOLD,SUPPLIES,Supplies Special 563,75.86
HOUSEHOLD,SUPPLIES,Supplies Special 731,207.42
HOUSEHOLD,TOOLS,Tools Special 370,444.39
HOUSEHOLD,TOOLS,Tools Special 544,129.83
HOUSEHOLD,VEGGIES,Veggies Special 229,106.1
HOUSEHOLD,VEGGIES,Veggies Special 386,205.72
HOUSEHOLD,VEGGIES,Veggies Special 721,201.91
HOUSEHOLD,YOGURT,Yogurt Special 161,20.46
HOUSEHOLD,YOGURT,Yogurt Special 359,292.5
OFFICE SUPPLIES,APPAREL,Apparel Special 643,477.85
OFFICE SUPPLIES,BODYARMOR,Bodyarmor Special 813,289.06
OFFICE SUPPLIES,BODYARMOR,Bodyarmor Special 826,145.72
OFFICE SUPPLIES,BOTTLED,Bottled Special 233,93.18
OFFICE SUPPLIES,BOTTLED,Bottled Special 310,234.74
OFFICE SUPPLIES,BREAD,Bread Special 828,382.74
OFFICE SUPPLIES,CAMPING,Camping Special 263,216.86
OFFICE SUPPLIES,CANDY,Candy Special 984,497.1
OFFICE SUPPLIES,CEREAL,Cereal Special 275,472.19
OFFICE SUPPLIES,CEREAL,Cereal Special 703,38.75
OFFICE SUPPLIES,CEREAL,Cereal Special 934,166.08
OFFICE SUPPLIES,CHEESE,Cheese Special 822,349.24
OFFICE SUPPLIES,CHEESE,Cheese Special 975,287.09
OFFICE SUPPLIES,CLEANING,Cleaning Special 787,63.15
OFFICE SUPPLIES,COKE,Coke Special 828,330.76
OFFICE SUPPLIES,DISH,Dish Special 183,230.81
OFFICE SUPPLIES,DISH,Dish Special 386,67.72
OFFICE SUPPLIES,DISH,Dish Special 982,122.47
OFFICE SUPPLIES,DR PEPPER,Dr Pepper Special 381,272.39
OFFICE SUPPLIES,EQUIPMENT,Equipment Special 988,316.19
OFFICE SUPPLIES,FITNESS,Fitness Special 278,157.18
OFFICE SUPPLIES,FRUIT,Fruit Special 487,434.61
OFFICE SUPPLIES,GARDEN,Garden Special 167,120.98
OFFICE SUPPLIES,GATORADE,Gatorade Special 308,253.28
OFFICE SUPPLIES,GATORADE,Gatorade Special 502,398.56
OFFICE SUPPLIES,GATORADE,Gatorade Special 889,119.22
OFFICE SUPPLIES,GEAR,Gear Special 516,392.02
OFFICE SUPPLIES,GEAR,Gear Special 620,348.01
OFFICE SUPPLIES,ITEMS,Items Special 817,267.38
OFFICE SUPPLIES,ITEMS,Items Special 952,221.93
OFFICE SUPPLIES,LITERATURE,Literature Special 760,23.51
OFFICE SUPPLIES,NEWBORN,Newborn Special 372,304.41
OFFICE SUPPLIES,NEWBORN,Newborn Special 658,78.68
OFFICE SUPPLIES,ORAL CARE,Oral Care Special 534,307.84
OFFICE SUPPLIES,PAPER,Paper Special 460,250.82
OFFICE SUPPLIES,PAPER,Paper Special 686,74.36
OFFICE SUPPLIES,PAPER,Paper Special 773,77.62
OFFICE SUPPLIES,PEPSI,Pepsi Special 144,335.37
OFFICE SUPPLIES,PEPSI,Pepsi Special 778,203.12
OFFICE SUPPLIES,PEPSICO,Pepsico Special 699,428.71
OFFICE SUPPLIES,PEPSICO,Pepsico Special 738,482.43
OFFICE SUPPLIES,SAUCE,Sauce Special 362,146.19
OFFICE SUPPLIES,SHAMPOO,Shampoo Special 633,55.83
OFFICE SUPPLIES,SHAMPOO,Shampoo Special 899,59.31
OFFICE SUPPLIES,SKINCARE,Skincare Special 618,402.18
OFFICE SUPPLIES,STATIONERY,Stationery Special 103,119.99
OFFICE SUPPLIES,SUPPLIES,Supplies Special 479,195.85
OFFICE SUPPLIES,TOOLS,Tools Special 456,234.37
OFFICE SUPPLIES,TOOLS,Tools Special 842,387.95
OFFICE SUPPLIES,TREATS,Treats Special 351,373.01
OFFICE SUPPLIES,TREATS,Treats Special 602,126.39
OFFICE SUPPLIES,TREATS,Treats Special 971,190.57
OFFICE SUPPLIES,YOGURT,Yogurt Special 244,472.29
OFFICE SUPPLIES,YOGURT,Yogurt Special 642,228.29
OFFICE SUPPLIES,YOGURT,Yogurt Special 983,84.15
OUTDOOR,APPAREL,Apparel Special 279,474.56
OUTDOOR,BAGELS,Bagels Special 390,486.05
OUTDOOR,BAGELS,Bagels Special 428,348.86
OUTDOOR,BODYARMOR,Bodyarmor Special 482,359.75
OUTDOOR,BOTTLED,Bottled Special 190,284.09
OUTDOOR,BOTTLED,Bottled Special 240,343.75
OUTDOOR,BREAD,Bread Special 342,355.54
OUTDOOR,BREAD,Bread Special 390,75.28
OUTDOOR,BREAD,Bread Special 463,451.28
OUTDOOR,BREAD,Bread Special 883,124.22
OUTDOOR,BREAD,Bread Special 937,460.66
OUTDOOR,CAMPING,Camping Special 404,281.96
OUTDOOR,CAMPING,Camping Special 715,331.5
OUTDOOR,CAMPING,Camping Special 821,146.28
OUTDOOR,CEREAL,Cereal Special 424,173.25
OUTDOOR,CEREAL,Cereal Special 603,383.17
OUTDOOR,CEREAL,Cereal Special 938,454.63
OUTDOOR,CHEESE,Cheese Special 210,440.54
OUTDOOR,CHEESE,Cheese Special 245,146.67
OUTDOOR,CHEESE,Cheese Special 765,74.09
OUTDOOR,CHIPS,Chips Special 370,368.6
OUTDOOR,CHIPS,Chips Special 381,85.99
OUTDOOR,CHIPS,Chips Special 633,329.98
OUTDOOR,CHIPS,Chips Special 885,92.55
OUTDOOR,CLEANING,Cleaning Special 896,364.97
OUTDOOR,COKE,Coke Special 772,162.18
OUTDOOR,COKE,Coke Special 913,459.19
OUTDOOR,DEVICES,Devices Special 626,259.81
OUTDOOR,DR PEPPER,Dr Pepper Special 697,322.8
OUTDOOR,EQUIPMENT,Equipment Special 222,457.82
OUTDOOR,EQUIPMENT,Equipment Special 586,147.66
OUTDOOR,EQUIPMENT,Equipment Special 588,171.91
OUTDOOR,FRUIT,Fruit Special 172,56.63
OUTDOOR,FRUIT,Fruit Special 361,41.08
OUTDOOR,GARDEN,Garden Special 231,5.35
OUTDOOR,GARDEN,Garden Special 699,404.11
OUTDOOR,ITEMS,Items Special 446,92.58
OUTDOOR,ITEMS,Items Special 787,226.71
OUTDOOR,LITERATURE,Literature Special 525,123.02
OUTDOOR,MILK,Milk Special 747,483.88
OUTDOOR,NEWBORN,Newborn Special 717,499.95
OUTDOOR,NEWBORN,Newborn Special 949,72.77
OUTDOOR,ORAL CARE,Oral Care Special 783,69.05
OUTDOOR,PASTA,Pasta Special 765,245.05
OUTDOOR,PEPSI,Pepsi Special 477,360.35
OUTDOOR,PEPSICO,Pepsico Special 615,194.28
OUTDOOR,SHAMPOO,Shampoo Special 875,161.84
OUTDOOR,SUPPLIES,Supplies Special 276,416.17
OUTDOOR,SUPPLIES,Supplies Special 761,399.25
OUTDOOR,TOOLS,Tools Special 213,284.61
OUTDOOR,TOOLS,Tools Special 790,352.5
OUTDOOR,TREATS,Treats Special 918,139.16
OUTDOOR,VEGGIES,Veggies Special 898,109.61
PERSONAL CARE,ACCESSORIES,Accessories Special 192,87.74
PERSONAL CARE,BOTTLED,Bottled Special 231,187.28
PERSONAL CARE,BOTTLED,Bottled Special 343,357.3
PERSONAL CARE,BOTTLED,Bottled Special 571,32.56
PERSONAL CARE,BREAD,Bread Special 521,260.43
PERSONAL CARE,BREAD,Bread Special 599,73.76
PERSONAL CARE,CAMPING,Camping Special 776,331.57
PERSONAL CARE,CANDY,Candy Special 272,160.64
PERSONAL CARE,CEREAL,Cereal Special 825,258.25
PERSONAL CARE,CEREAL,Cereal Special 963,198.75
PERSONAL CARE,CHEESE,Cheese Special 280,176.01
PERSONAL CARE,CHIPS,Chips Special 399,456.75
PERSONAL CARE,COFFEE,Coffee Special 406,104.25
PERSONAL CARE,DEVICES,Devices Special 135,376.29
PERSONAL CARE,GATORADE,Gatorade Special 137,122.57
PERSONAL CARE,GATORADE,Gatorade Special 831,125.91
PERSONAL CARE,GATORADE,Gatorade Special 836,438.28
PERSONAL CARE,ITEMS,Items Special 553,83.15
PERSONAL CARE,ITEMS,Items Special 753,318.35
PERSONAL CARE,LITERATURE,Literature Special 246,69.46
PERSONAL CARE,LITERATURE,Literature Special 326,205.73
PERSONAL CARE,LITERATURE,Literature Special 371,462.0
PERSONAL CARE,ORAL CARE,Colgate Total Toothpaste 4.8oz,3.99
PERSONAL CARE,ORAL CARE,Crest 3D White Toothpaste 4.1oz,3.99
PERSONAL CARE,ORAL CARE,Oral Care Special 232,14.04
PERSONAL CARE,ORAL CARE,Oral Care Special 932,226.4
PERSONAL CARE,PASTA,Pasta Special 936,421.3
PERSONAL CARE,PEPSICO,Pepsico Special 300,449.47
PERSONAL CARE,SAUCE,Sauce Special 304,289.23
PERSONAL CARE,SHAMPOO,Head & Shoulders Classic Clean 13.5oz,6.99
PERSONAL CARE,SHAMPOO,Shampoo Special 260,349.56
PERSONAL CARE,SKINCARE,Skincare Special 811,337.47
PERSONAL CARE,SKINCARE,Skincare Special 921,296.49
PERSONAL CARE,STATIONERY,Stationery Special 381,131.58
PERSONAL CARE,SUPPLIES,Supplies Special 890,409.83
PET SUPPLIES,APPAREL,Apparel Special 107,461.51
PET SUPPLIES,BAGELS,Bagels Special 896,450.33
PET SUPPLIES,BODYARMOR,Bodyarmor Special 140,278.96
PET SUPPLIES,BODYARMOR,Bodyarmor Special 897,79.74
PET SUPPLIES,BOTTLED,Bottled Special 280,159.15
PET SUPPLIES,BOTTLED,Bottled Special 469,350.81
PET SUPPLIES,BREAD,Bread Special 939,410.95
PET SUPPLIES,CAMPING,Camping Special 122,415.77
PET SUPPLIES,CAMPING,Camping Special 849,397.34
PET SUPPLIES,CANDY,Candy Special 124,263.63
PET SUPPLIES,CANDY,Candy Special 184,475.27
PET SUPPLIES,CANDY,Candy Special 246,347.25
PET SUPPLIES,CANDY,Candy Special 730,222.47
PET SUPPLIES,CHIPS,Chips Special 794,478.8
PET SUPPLIES,COFFEE,Coffee Special 607,138.71
PET SUPPLIES,COKE,Coke Special 644,26.12
PET SUPPLIES,EQUIPMENT,Equipment Special 287,95.83
PET SUPPLIES,EQUIPMENT,Equipment Special 727,115.12
PET SUPPLIES,FITNESS,Fitness Special 989,19.18
PET SUPPLIES,GEAR,Gear Special 408,412.55
PET SUPPLIES,GEAR,Gear Special 582,147.39
PET SUPPLIES,MILK,Milk Special 120,108.33
PET SUPPLIES,NEWBORN,Newborn Special 595,274.2
PET SUPPLIES,NEWBORN,Newborn Special 830,393.5
PET SUPPLIES,ORAL CARE,Oral Care Special 220,239.36
PET SUPPLIES,ORAL CARE,Oral Care Special 234,177.14
PET SUPPLIES,PASTA,Pasta Special 641,87.36
PET SUPPLIES,PASTA,Pasta Special 867,101.21
PET SUPPLIES,PEPSICO,Pepsico Special 632,365.34
PET SUPPLIES,PEPSICO,Pepsico Special 810,453.38
PET SUPPLIES,SHAMPOO,Shampoo Special 534,242.89
PET SUPPLIES,SKINCARE,Skincare Special 471,156.1
PET SUPPLIES,SKINCARE,Skincare Special 738,165.03
PET SUPPLIES,STATIONERY,Stationery Special 486,280.63
PET SUPPLIES,TOOLS,Tools Special 248,256.88
PET SUPPLIES,TOOLS,Tools Special 317,462.84
PET SUPPLIES,TOOLS,Tools Special 420,307.04
PET SUPPLIES,TOOLS,Tools Special 838,331.47
PET SUPPLIES,VEGGIES,Veggies Special 539,137.44
PET SUPPLIES,YOGURT,Yogurt Special 362,235.33
PET SUPPLIES,YOGURT,Yogurt Special 399,344.44
PET SUPPLIES,YOGURT,Yogurt Special 823,306.9
PRODUCE,APPAREL,Apparel Special 177,62.46
PRODUCE,APPAREL,Apparel Special 356,296.45
PRODUCE,APPAREL,Apparel Special 552,457.94
PRODUCE,BAGELS,Bagels Special 278,75.88
PRODUCE,BAGELS,Bagels Special 545,495.73
PRODUCE,BODYARMOR,Bodyarmor Special 877,160.14
PRODUCE,BOTTLED,Bottled Special 116,113.22
PRODUCE,BOTTLED,Bottled Special 254,473.4
PRODUCE,CANDY,Candy Special 308,413.63
PRODUCE,CANDY,Candy Special 812,16.07
PRODUCE,CEREAL,Cereal Special 110,265.05
PRODUCE,CHEESE,Cheese Special 315,444.49
PRODUCE,CHEESE,Cheese Special 325,53.76
PRODUCE,COKE,Coke Special 709,37.85
PRODUCE,DISH,Dish Special 904,283.76
PRODUCE,EQUIPMENT,Equipment Special 123,65.43
PRODUCE,EQUIPMENT,Equipment Special 717,123.25
PRODUCE,FRUIT,Bananas (lb),0.69
PRODUCE,FRUIT,Fruit Special 196,399.45
PRODUCE,FRUIT,Fruit Special 299,74.03
PRODUCE,FRUIT,Fruit Special 675,274.55
PRODUCE,FRUIT,Fruit Special 808,87.09
PRODUCE,FRUIT,Fruit Special 856,287.18
PRODUCE,FRUIT,Honeycrisp Apples (lb),2.49
PRODUCE,GATORADE,Gatorade Special 285,249.32
PRODUCE,GATORADE,Gatorade Special 837,344.88
PRODUCE,GATORADE,Gatorade Special 951,32.47
PRODUCE,GEAR,Gear Special 732,147.97
PRODUCE,ITEMS,Items Special 257,326.48
PRODUCE,ITEMS,Items Special 365,219.11
PRODUCE,NEWBORN,Newborn Special 689,190.15
PRODUCE,PEPSICO,Pepsico Special 887,249.02
PRODUCE,SHAMPOO,Shampoo Special 211,174.44
PRODUCE,SHAMPOO,Shampoo Special 328,174.34
PRODUCE,SKINCARE,Skincare Special 481,95.99
PRODUCE,SUPPLIES,Supplies Special 365,464.12
PRODUCE,TREATS,Treats Special 296,257.03
PRODUCE,TREATS,Treats Special 691,105.76
PRODUCE,TREATS,Treats Special 754,453.0
PRODUCE,VEGGIES,Baby Carrots 1lb,1.79
PRODUCE,VEGGIES,Veggies Special 414,263.45
PRODUCE,YOGURT,Yogurt Special 263,263.26
SNACKS,APPAREL,Apparel Special 614,223.54
SNACKS,BAGELS,Bagels Special 124,119.37
SNACKS,CAMPING,Camping Special 319,214.7
SNACKS,CANDY,Candy Special 203,179.38
SNACKS,CANDY,M&M's Peanut 3.27oz,1.89
SNACKS,CANDY,Reese's Peanut Butter Cups 1.5oz,1.49
SNACKS,CANDY,Snickers Bar 1.86oz,1.49
SNACKS,CHEESE,Cheese Special 778,127.42
SNACKS,CHIPS,Cheetos Crunchy 8.5oz,4.19
SNACKS,CHIPS,Chips Special 390,210.24
SNACKS,CHIPS,Doritos Nacho Cheese 9.25oz,4.29
SNACKS,CHIPS,Lay's Classic 8oz,3.99
SNACKS,COFFEE,Coffee Special 308,263.54
SNACKS,COKE,Coke Special 582,305.45
SNACKS,DEVICES,Devices Special 162,414.34
SNACKS,DEVICES,Devices Special 181,221.99
SNACKS,DISH,Dish Special 505,176.3
SNACKS,DISH,Dish Special 736,396.12
SNACKS,DR PEPPER,Dr Pepper Special 541,154.95
SNACKS,EQUIPMENT,Equipment Special 335,453.13
SNACKS,GATORADE,Gatorade Special 256,424.71
SNACKS,GATORADE,Gatorade Special 623,326.02
SNACKS,GATORADE,Gatorade Special 878,445.65
SNACKS,ITEMS,Items Special 119,153.75
SNACKS,ITEMS,Items Special 946,424.34
SNACKS,LITERATURE,Literature Special 164,156.45
SNACKS,NEWBORN,Newborn Special 257,433.49
SNACKS,NEWBORN,Newborn Special 540,67.08
SNACKS,NEWBORN,Newborn Special 865,388.51
SNACKS,PAPER,Paper Special 311,192.14
SNACKS,PAPER,Paper Special 964,92.77
SNACKS,PEPSICO,Pepsico Special 878,98.88
SNACKS,STATIONERY,Stationery Special 769,272.46
SNACKS,SUPPLIES,Supplies Special 231,11.29
SNACKS,SUPPLIES,Supplies Special 488,236.38
SNACKS,TOOLS,Tools Special 413,229.14
SNACKS,TREATS,Treats Special 682,298.65
SNACKS,VEGGIES,Veggies Special 212,361.36
SNACKS,YOGURT,Yogurt Special 400,131.8
SNACKS,YOGURT,Yogurt Special 991,295.19
SOFT DRINKS,APPAREL,Apparel Special 312,252.85
SOFT DRINKS,APPAREL,Apparel Special 396,324.72
SOFT DRINKS,BAGELS,Bagels Special 773,55.04
SOFT DRINKS,BODYARMOR,Bodyarmor Special 611,296.14
SOFT DRINKS,BOTTLED,Bottled Special 254,431.24
SOFT DRINKS,BOTTLED,Bottled Special 328,385.65
SOFT DRINKS,BOTTLED,Bottled Special 644,80.73
SOFT DRINKS,CAMPING,Camping Special 311,67.66
SOFT DRINKS,CAMPING,Camping Special 525,166.9
SOFT DRINKS,CAMPING,Camping Special 749,261.66
SOFT DRINKS,CAMPING,Camping Special 889,324.64
SOFT DRINKS,CEREAL,Cereal Special 490,219.86
SOFT DRINKS,CHIPS,Chips Special 702,224.01
SOFT DRINKS,CLEANING,Cleaning Special 652,312.18
SOFT DRINKS,CLEANING,Cleaning Special 679,100.19
SOFT DRINKS,CLEANING,Cleaning Special 965,492.95
SOFT DRINKS,COKE,Coca-Cola Classic 12oz can,1.09
SOFT DRINKS,COKE,Coke Special 786,277.95
SOFT DRINKS,COKE,Coke Zero Sugar 12oz can,1.09
SOFT DRINKS,COKE,Diet Coke 12oz can,1.09
SOFT DRINKS,DR PEPPER,Diet Dr Pepper 12oz can,1.09
SOFT DRINKS,DR PEPPER,Dr Pepper 12oz can,1.09
SOFT DRINKS,DR PEPPER,Dr Pepper Special 843,86.87
SOFT DRINKS,FRUIT,Fruit Special 664,12.22
SOFT DRINKS,FRUIT,Fruit Special 690,25.78
SOFT DRINKS,GARDEN,Garden Special 363,497.47
SOFT DRINKS,GARDEN,Garden Special 956,291.31
SOFT DRINKS,GATORADE,Gatorade Special 512,326.6
SOFT DRINKS,GEAR,Gear Special 845,190.66
SOFT DRINKS,GEAR,Gear Special 855,101.99
SOFT DRINKS,ITEMS,Items Special 116,349.08
SOFT DRINKS,MILK,Milk Special 732,39.5
SOFT DRINKS,PASTA,Pasta Special 744,282.43
SOFT DRINKS,PASTA,Pasta Special 807,302.08
SOFT DRINKS,PEPSI,Diet Pepsi 12oz can,1.09
SOFT DRINKS,PEPSI,Pepsi 12oz can,1.09
SOFT DRINKS,PEPSI,Pepsi Special 448,175.53
SOFT DRINKS,PEPSICO,Mountain Dew 12oz can,1.09
SOFT DRINKS,PEPSICO,Pepsico Special 460,435.05
SOFT DRINKS,PEPSICO,Pepsico Special 475,20.72
SOFT DRINKS,PEPSICO,Starry Lemon Lime 12oz can,1.09
SOFT DRINKS,SAUCE,Sauce Special 219,10.69
SOFT DRINKS,SHAMPOO,Shampoo Special 211,284.96
SOFT DRINKS,SHAMPOO,Shampoo Special 962,138.96
SOFT DRINKS,SKINCARE,Skincare Special 511,69.44
SOFT DRINKS,STATIONERY,Stationery Special 582,98.78
SOFT DRINKS,TOOLS,Tools Special 757,482.84
SOFT DRINKS,TREATS,Treats Special 102,143.79
SOFT DRINKS,TREATS,Treats Special 480,43.63
SOFT DRINKS,VEGGIES,Veggies Special 305,210.57
SOFT DRINKS,VEGGIES,Veggies Special 462,198.2
SOFT DRINKS,YOGURT,Yogurt Special 464,232.57
SOFT DRINKS,YOGURT,Yogurt Special 473,315.9
SPORTS,BODYARMOR,Bodyarmor Special 568,448.7
SPORTS,BODYARMOR,Bodyarmor Special 586,165.17
SPORTS,BREAD,Bread Special 579,173.74
SPORTS,CAMPING,Camping Special 412,155.35
SPORTS,CAMPING,Camping Special 702,132.59
SPORTS,CAMPING,Camping Special 966,146.98
SPORTS,CEREAL,Cereal Special 459,117.33
SPORTS,CEREAL,Cereal Special 938,299.45
SPORTS,CHEESE,Cheese Special 104,273.98
SPORTS,CHEESE,Cheese Special 777,222.61
SPORTS,CLEANING,Cleaning Special 806,443.6
SPORTS,COKE,Coke Special 710,454.18
SPORTS,COKE,Coke Special 829,407.16
SPORTS,COKE,Coke Special 890,457.86
SPORTS,DEVICES,Devices Special 369,442.0
SPORTS,GARDEN,Garden Special 608,492.62
SPORTS,GEAR,Gear Special 237,220.75
SPORTS,GEAR,Gear Special 951,379.18
SPORTS,GEAR,Gear Special 953,57.14
SPORTS,ITEMS,Items Special 268,113.03
SPORTS,ITEMS,Items Special 539,89.82
SPORTS,ITEMS,Items Special 619,221.08
SPORTS,ITEMS,Items Special 623,359.9
SPORTS,MILK,Milk Special 701,259.43
SPORTS,ORAL CARE,Oral Care Special 486,391.24
SPORTS,PAPER,Paper Special 347,233.24
SPORTS,PAPER,Paper Special 444,205.5
SPORTS,PASTA,Pasta Special 162,334.46
SPORTS,PASTA,Pasta Special 490,415.98
SPORTS,PEPSI,Pepsi Special 956,446.87
SPORTS,PEPSICO,Pepsico Special 369,262.6
SPORTS,SHAMPOO,Shampoo Special 376,402.94
SPORTS,SKINCARE,Skincare Special 127,61.13
SPORTS,SKINCARE,Skincare Special 675,256.07
SPORTS,STATIONERY,Stationery Special 751,301.58
SPORTS,SUPPLIES,Supplies Special 520,321.46
SPORTS,SUPPLIES,Supplies Special 883,252.62
SPORTS,TOOLS,Tools Special 378,212.12
SPORTS,TOOLS,Tools Special 627,168.33
SPORTS,TREATS,Treats Special 967,129.61
SPORTS DRINKS,BAGELS,Bagels Special 398,58.57
SPORTS DRINKS,BAGELS,Bagels Special 736,43.67
SPORTS DRINKS,BODYARMOR,BodyArmor Fruit Punch 16oz,1.99
SPORTS DRINKS,BODYARMOR,Bodyarmor Special 535,32.15
SPORTS DRINKS,BODYARMOR,Bodyarmor Special 683,498.3
SPORTS DRINKS,BODYARMOR,Bodyarmor Special 686,245.29
SPORTS DRINKS,BODYARMOR,Bodyarmor Special 917,262.77
SPORTS DRINKS,BOTTLED,Bottled Special 188,11.11
SPORTS DRINKS,BOTTLED,Bottled Special 931,428.1
SPORTS DRINKS,CAMPING,Camping Special 243,457.01
SPORTS DRINKS,CAMPING,Camping Special 679,338.53
SPORTS DRINKS,CHIPS,Chips Special 441,204.24
SPORTS DRINKS,CHIPS,Chips Special 617,83.93
SPORTS DRINKS,CLEANING,Cleaning Special 455,405.49
SPORTS DRINKS,COFFEE,Coffee Special 167,38.58
SPORTS DRINKS,COKE,Coke Special 293,296.32
SPORTS DRINKS,COKE,Coke Special 482,300.99
SPORTS DRINKS,DEVICES,Devices Special 123,101.3
SPORTS DRINKS,DISH,Dish Special 127,33.14
SPORTS DRINKS,DR PEPPER,Dr Pepper Special 291,211.84
SPORTS DRINKS,EQUIPMENT,Equipment Special 976,440.29
SPORTS DRINKS,GATORADE,Gatorade Cool Blue 20oz,1.79
SPORTS DRINKS,ITEMS,Items Special 672,31.35
SPORTS DRINKS,LITERATURE,Literature Special 155,314.7
SPORTS DRINKS,MILK,Milk Special 114,409.44
SPORTS DRINKS,MILK,Milk Special 944,86.85
SPORTS DRINKS,NEWBORN,Newborn Special 134,298.2
SPORTS DRINKS,NEWBORN,Newborn Special 359,147.14
SPORTS DRINKS,NEWBORN,Newborn Special 920,83.37
SPORTS DRINKS,ORAL CARE,Oral Care Special 430,150.65
SPORTS DRINKS,PAPER,Paper Special 200,232.08
SPORTS DRINKS,PAPER,Paper Special 457,327.98
SPORTS DRINKS,PAPER,Paper Special 870,124.38
SPORTS DRINKS,PASTA,Pasta Special 489,159.35
SPORTS DRINKS,PASTA,Pasta Special 529,162.73
SPORTS DRINKS,PEPSI,Pepsi Special 987,354.91
SPORTS DRINKS,PEPSICO,Pepsico Special 287,481.2
SPORTS DRINKS,SAUCE,Sauce Special 278,96.87
SPORTS DRINKS,SAUCE,Sauce Special 498,106.88
SPORTS DRINKS,SAUCE,Sauce Special 891,427.36
SPORTS DRINKS,SHAMPOO,Shampoo Special 892,421.27
SPORTS DRINKS,SKINCARE,Skincare Special 409,164.61
SPORTS DRINKS,STATIONERY,Stationery Special 620,149.84
SPORTS DRINKS,TREATS,Treats Special 346,429.11
SPORTS DRINKS,VEGGIES,Veggies Special 743,243.85
TOYS,ACCESSORIES,Accessories Special 830,263.46
TOYS,BODYARMOR,Bodyarmor Special 702,265.64
TOYS,BOTTLED,Bottled Special 765,253.19
TOYS,CANDY,Candy Special 461,435.25
TOYS,CANDY,Candy Special 931,79.61
TOYS,CEREAL,Cereal Special 441,83.01
TOYS,CHEESE,Cheese Special 104,114.79
TOYS,CHEESE,Cheese Special 704,459.26
TOYS,CHIPS,Chips Special 221,418.87
TOYS,CLEANING,Cleaning Special 148,328.96
TOYS,CLEANING,Cleaning Special 547,81.43
TOYS,COFFEE,Coffee Special 386,430.54
TOYS,COFFEE,Coffee Special 643,141.62
TOYS,COFFEE,Coffee Special 675,229.61
TOYS,COFFEE,Coffee Special 872,336.72
TOYS,COFFEE,Coffee Special 899,45.13
TOYS,COKE,Coke Special 786,267.3
TOYS,COKE,Coke Special 824,113.44
TOYS,DEVICES,Devices Special 257,198.43
TOYS,DISH,Dish Special 554,195.94
TOYS,DR PEPPER,Dr Pepper Special 105,4.22
TOYS,DR PEPPER,Dr Pepper Special 257,406.71
TOYS,DR PEPPER,Dr Pepper Special 377,370.25
TOYS,EQUIPMENT,Equipment Special 761,103.65
TOYS,FITNESS,Fitness Special 502,36.05
TOYS,FRUIT,Fruit Special 237,269.25
TOYS,FRUIT,Fruit Special 404,201.72
TOYS,GARDEN,Garden Special 531,279.94
TOYS,GATORADE,Gatorade Special 867,336.76
TOYS,GATORADE,Gatorade Special 953,411.27
TOYS,GEAR,Gear Special 746,281.79
TOYS,ITEMS,Items Special 755,150.79
TOYS,ITEMS,Items Special 838,16.54
TOYS,LITERATURE,Literature Special 701,94.29
TOYS,PEPSI,Pepsi Special 745,278.77
TOYS,PEPSI,Pepsi Special 815,392.23
TOYS,PEPSICO,Pepsico Special 456,190.17
TOYS,SAUCE,Sauce Special 229,289.4
TOYS,SAUCE,Sauce Special 952,28.16
TOYS,SHAMPOO,Shampoo Special 630,355.24
TOYS,SHAMPOO,Shampoo Special 797,250.54
TOYS,VEGGIES,Veggies Special 678,455.77
TOYS,YOGURT,Yogurt Special 605,351.16
WATER,ACCESSORIES,Accessories Special 915,97.98
WATER,APPAREL,Apparel Special 706,365.14
WATER,BAGELS,Bagels Special 155,91.29
WATER,BAGELS,Bagels Special 762,222.55
WATER,BOTTLED,Aquafina 16.9oz,1.19
WATER,BOTTLED,Bottled Special 344,323.08
WATER,BOTTLED,Bottled Special 362,72.34
WATER,BOTTLED,Bottled Special 751,335.28
WATER,BOTTLED,Dasani 16.9oz,1.19
WATER,BREAD,Bread Special 696,482.23
WATER,CAMPING,Camping Special 301,79.42
WATER,CAMPING,Camping Special 805,341.68
WATER,CANDY,Candy Special 426,73.34
WATER,CEREAL,Cereal Special 386,318.34
WATER,CLEANING,Cleaning Special 772,454.95
WATER,CLEANING,Cleaning Special 819,377.2
WATER,COFFEE,Coffee Special 387,30.1
WATER,DEVICES,Devices Special 303,103.29
WATER,DEVICES,Devices Special 333,388.04
WATER,DISH,Dish Special 123,403.52
WATER,DR PEPPER,Dr Pepper Special 280,115.8
WATER,DR PEPPER,Dr Pepper Special 300,186.77
WATER,DR PEPPER,Dr Pepper Special 557,156.1
WATER,DR PEPPER,Dr Pepper Special 644,380.76
WATER,EQUIPMENT,Equipment Special 472,155.95
WATER,FITNESS,Fitness Special 382,368.87
WATER,FITNESS,Fitness Special 514,420.36
WATER,GEAR,Gear Special 147,265.55
WATER,GEAR,Gear Special 769,94.78
WATER,LITERATURE,Literature Special 370,240.46
WATER,MILK,Milk Special 144,226.79
WATER,MILK,Milk Special 297,499.77
WATER,NEWBORN,Newborn Special 604,454.43
WATER,PAPER,Paper Special 549,137.32
WATER,PEPSICO,Pepsico Special 249,75.04
WATER,PEPSICO,Pepsico Special 382,230.72
WATER,SHAMPOO,Shampoo Special 522,363.55
WATER,SHAMPOO,Shampoo Special 614,431.41
WATER,SKINCARE,Skincare Special 478,481.24
WATER,STATIONERY,Stationery Special 255,424.57
WATER,STATIONERY,Stationery Special 465,278.31
WATER,SUPPLIES,Supplies Special 795,479.94
WATER,TOOLS,Tools Special 675,313.62
WATER,TREATS,Treats Special 571,4.08
WATER,YOGURT,Yogurt Special 318,153.04
